id;nom;prenom;email;telephone;anneeNaissance;genre;code-commune;;;
9900;lose;Riviere;ante.Nunc@hymenaeos.edu;04 63 86 65 63;2003;Feminin;18;;;
9901;Amine;Pereira;amet.ultricies.sem@pellentesquemassalobortis.net;01 87 52 87 44;1999;Masculin;232;;;
9902;Evan;Baron;Duis.sit.amet@pretiumneque.net;01 86 09 78 89;1931;Feminin;122;;;
9903;Jordan;Noel;Morbi@Maurisquisturpis.com;01 99 71 85 76;1948;Feminin;98;;;
9904;Nina;Leroux;risus.Morbi@Nullam.com;06 07 67 49 22;1946;Masculin;460;;;
9905;Chlo;Charles;nec.ligula@commodoatlibero.net;06 55 71 79 48;1970;Feminin;123;;;
9906;Gabriel;Prevost;Morbi@ametloremsemper.com;09 26 63 41 84;1982;Masculin;266;;;
9907;Gilbert;Remy;dis@mienimcondimentum.edu;01 87 39 99 12;1966;Masculin;481;;;
9908;Anas;Roger;semper@arcuiaculis.edu;02 49 93 85 46;1956;Masculin;1;;;
9909;Timothe;Perez;adipiscing@Pellentesqueultriciesdignissim.ca;06 37 76 20 70;1966;Masculin;473;;;
9910;Lorenzo;Robin;quam@anuncIn.edu;02 17 68 90 66;1992;Feminin;402;;;
9911;Lonie;Berger;Quisque@amet.com;04 66 61 05 17;1965;Masculin;203;;;
9912;Matho;Durand;eu.eros.Nam@a.ca;05 34 15 56 21;1949;Masculin;252;;;
9913;Julien;Gauthier;vel.arcu@blanditNamnulla.ca;03 15 35 88 51;1993;Masculin;309;;;
9914;Lutcia;Barbier;dis@posuere.com;01 15 45 36 71;1947;Masculin;188;;;
9915;Guillaume;Meyer;Duis.gravida@aptenttaciti.com;06 23 90 74 02;1952;Masculin;123;;;
9916;Guillaume;Nguyen;vel.quam@vehiculaaliquet.ca;09 24 82 87 80;1963;Masculin;252;;;
9917;Margot;Poirier;dui.lectus.rutrum@vitae.com;09 52 51 53 00;1953;Feminin;67;;;
9918;Eva;Carre;Praesent.eu@ullamcorpermagnaSed.com;08 02 13 91 13;1947;Feminin;460;;;
9919;Margot;Philippe;viverra.Maecenas.iaculis@eu.net;07 05 78 14 57;1982;Masculin;264;;;
9920;Nolan;Leveque;quis.massa.Mauris@Morbi.org;09 43 58 80 18;1979;Feminin;210;;;
9921;Lonard;Etienne;mi.Aliquam@Nuncacsem.net;09 21 12 14 63;1976;Masculin;37;;;
9922;Killian;Paris;euismod.in@idlibero.co.uk;02 77 29 57 01;1987;Feminin;164;;;
9923;Laura;Philippe;et.netus@In.ca;09 97 48 45 20;1955;Feminin;481;;;
9924;Anna;Fabre;Cras@enimdiamvel.org;01 70 95 17 61;1994;Masculin;67;;;
9925;Yohan;Louis;Quisque.nonummy.ipsum@ametanteVivamus.co.uk;08 98 49 73 42;1941;Feminin;1;;;
9926;Zo;Faure;Sed.et.libero@Aliquamnec.edu;02 94 09 13 85;1931;Feminin;204;;;
9927;Solene;Sanchez;placerat.velit.Quisque@vehiculaaliquetlibero.org;01 31 81 98 99;1979;Masculin;37;;;
9928;Rose;Lemoine;neque@eratnequenon.org;02 69 44 29 13;1989;Feminin;309;;;
9929;Kevin;Blanc;Aliquam@eunullaat.edu;02 18 00 37 82;1988;Masculin;210;;;
9930;Lena;Gonzalez;tempor.est@nonarcu.co.uk;07 67 50 74 53;1994;Masculin;18;;;
9931;Martin;Barbier;Morbi.sit.amet@gravidamolestiearcu.com;05 82 92 89 58;1942;Masculin;460;;;
9932;Charlotte;Gautier;Aliquam.tincidunt@Quisquelibero.com;09 52 31 57 89;1969;Masculin;327;;;
9933;Corentin;Laurent;lacus.varius@ornare.com;06 00 82 44 02;1971;Masculin;370;;;
9934;Zacharis;Clement;Pellentesque@malesuada.org;03 92 87 97 64;1960;Masculin;481;;;
9935;Lily;Boucher;ut@quamdignissim.ca;07 56 36 62 87;1997;Feminin;98;;;
9936;Dorian;Roy;erat.Vivamus.nisi@gravidasit.edu;02 06 06 27 30;1997;Masculin;1;;;
9937;Antonin;Martin;sagittis.felis.Donec@ipsum.com;05 67 16 64 81;1943;Masculin;363;;;
9938;lisa;Dupuis;convallis.in.cursus@facilisis.ca;09 07 16 00 03;1975;Feminin;402;;;
9939;Louis;Gomez;lobortis@egetipsum.net;05 48 37 81 90;1985;Masculin;350;;;
9940;Rmi;Fernandez;Suspendisse@nibh.com;05 42 63 69 17;1965;Masculin;210;;;
9941;Manon;Moreau;malesuada.fames.ac@aliquam.ca;08 48 25 64 05;1934;Masculin;129;;;
9942;Tatiana;Chevalier;Cras.sed.leo@consequat.net;08 80 52 30 36;1942;Feminin;67;;;
9943;Cdric;Morel;Donec@ullamcorpermagna.org;07 57 22 26 32;1952;Feminin;167;;;
9944;Lilian;Michel;interdum.enim.non@in.org;09 55 79 79 56;1965;Feminin;261;;;
9945;Franoise;Mercier;dolor.Fusce.mi@eulacusQuisque.net;07 46 69 81 19;1982;Feminin;370;;;
9946;Carla;Adam;laoreet.libero.et@loremsemper.net;08 42 02 85 75;1992;Masculin;155;;;
9947;Lane;Remy;sodales@Nullamscelerisque.org;03 14 22 82 01;1986;Masculin;289;;;
9948;Maco;Nguyen;aliquet.molestie.tellus@nibh.org;06 03 13 43 22;1993;Masculin;327;;;
9949;Amine;Leroy;tempor.augue.ac@in.ca;02 68 64 30 05;1931;Masculin;69;;;
9950;Bastien;Moreau;dolor@seddolorFusce.com;02 41 72 31 41;2000;Masculin;192;;;
9951;Marwane;Lambert;Nam.consequat@tortor.net;06 54 76 00 79;1961;Masculin;252;;;
9952;Antonin;Marie;imperdiet@iaculislacuspede.org;04 15 99 04 50;1958;Feminin;155;;;
9953;Dimitri;Fournier;lacinia.vitae@Nunc.net;06 31 28 76 30;1960;Feminin;164;;;
9954;Mlissa;Gerard;ut.quam@Crasinterdum.org;08 07 95 59 48;2002;Masculin;236;;;
9955;Analle;Bailly;erat.neque@dolor.com;06 60 33 73 15;1997;Masculin;96;;;
9956;Adam;Remy;malesuada.fames@Proin.co.uk;09 29 39 79 47;1950;Feminin;218;;;
9957;Maryam;Fabre;interdum@inceptoshymenaeosMauris.edu;02 65 76 55 75;1997;Masculin;67;;;
9958;Timo;Vincent;tincidunt.tempus@quamafelis.ca;02 77 62 22 20;1988;Masculin;167;;;
9959;Clmence;Francois;ante.ipsum@NullamenimSed.net;04 49 94 46 77;2002;Feminin;363;;;
9960;Alexis;Lacroix;dolor@et.org;03 56 58 22 85;1932;Masculin;363;;;
9961;Yna;Rousseau;sed.pede.Cum@lacus.co.uk;04 03 15 91 39;1996;Masculin;129;;;
9962;Angelina;Leroy;luctus.lobortis@nullaIn.com;09 85 63 66 62;1997;Masculin;370;;;
9963;Alexia;Robert;scelerisque.sed@iaculisquispede.net;03 51 60 36 20;1992;Masculin;387;;;
9964;No;Roux;vehicula@loremtristique.net;04 33 17 00 83;1971;Feminin;5;;;
9965;Marwane;Sanchez;Curae.Phasellus.ornare@eumetusIn.org;01 06 05 80 23;1954;Masculin;218;;;
9966;Mathilde;Vidal;egestas@AeneanmassaInteger.ca;05 09 17 47 21;1930;Masculin;203;;;
9967;Lo;Andre;odio@eget.ca;01 77 39 48 16;2001;Feminin;252;;;
9968;Nolan;Francois;Maecenas.libero.est@QuisquevariusNam.co.uk;05 80 19 23 96;1951;Masculin;274;;;
9969;Eva;Sanchez;vitae.erat@nibhvulputatemauris.org;07 44 04 98 20;1951;Feminin;460;;;
9970;Tho;Dufour;tellus@semper.ca;07 29 29 27 64;1940;Masculin;4;;;
9971;Clara;Rodriguez;ultricies.adipiscing@ut.net;03 83 93 36 01;1969;Feminin;201;;;
9972;Rosalie;Rey;pharetra.sed.hendrerit@luctus.org;01 02 65 01 99;1997;Feminin;232;;;
9973;Maco;Denis;rutrum.justo@pellentesque.net;03 73 69 02 80;1930;Masculin;473;;;
9974;Rose;Cousin;sit@aliquet.net;06 25 67 16 46;1975;Feminin;327;;;
9975;Lutcia;Lemaire;et.malesuada@convallisincursus.ca;08 63 92 93 76;1979;Feminin;210;;;
9976;Lilou;Mallet;risus.Donec@eudolor.com;03 99 41 33 98;1942;Feminin;96;;;
9977;Lisa;Chevalier;aliquet.diam.Sed@Mauris.org;07 72 27 05 19;1931;Masculin;402;;;
9978;Lo;Faure;commodo@tinciduntnibhPhasellus.edu;09 12 30 91 31;1933;Masculin;37;;;
9979;Juliette;Pereira;fermentum@antedictum.com;04 41 14 79 59;1962;Feminin;309;;;
9980;Jade;Le goff;mauris.aliquam@lobortismaurisSuspendisse.com;01 60 89 89 97;1938;Feminin;289;;;
9981;Maryam;Albert;Cras.interdum.Nunc@acfeugiatnon.com;01 01 29 93 82;1946;Feminin;218;;;
9982;lose;Colin;In.lorem@neque.ca;08 70 86 91 57;1996;Feminin;633;;;
9983;Rose;Dumont;Nam@nuncnulla.ca;07 24 79 16 95;1997;Masculin;210;;;
9984;Adrien;Lefebvre;erat@Duisvolutpat.org;07 10 84 75 08;1981;Feminin;473;;;
9985;Enzo;Vincent;dolor@eu.edu;05 51 49 63 84;1970;Feminin;236;;;
9986;Nolan;Durand;Duis.volutpat@ipsumnuncid.co.uk;04 44 97 91 75;1944;Masculin;327;;;
9987;Agathe;Francois;non.ante.bibendum@lacuspedesagittis.edu;04 51 36 62 05;1970;Masculin;96;;;
9988;Esteban;Collet;pellentesque.massa@vel.net;08 28 32 54 06;1977;Masculin;350;;;
9989;Jrmy;Collin;Integer@nonhendrerit.net;01 20 74 41 11;1963;Masculin;633;;;
9990;Ins;Gomez;blandit.mattis@sapiencursus.com;01 49 06 35 04;1938;Feminin;370;;;
9991;Juliette;Guillaume;In.ornare.sagittis@loremipsum.edu;04 07 53 29 76;1939;Feminin;363;;;
9992;Loevan;Denis;nonummy.ut.molestie@hendreritDonecporttitor.org;02 36 96 10 94;1965;Masculin;402;;;
9993;Tristan;Laine;Aliquam.erat.volutpat@ipsum.edu;03 43 86 77 00;1951;Feminin;327;;;
9994;Dylan;Maillard;magna.Ut.tincidunt@fringilla.org;05 18 88 70 90;1935;Feminin;203;;;
9995;Marion;Fleury;Nulla@risus.com;09 49 19 90 44;2000;Masculin;261;;;
9996;Julien;Bailly;libero.est.congue@arcu.ca;07 25 10 19 79;1948;Masculin;460;;;
9997;Florian;Dumont;auctor.vitae@volutpat.org;02 92 48 66 64;2001;Feminin;123;;;
9998;Lana;Rolland;metus.Vivamus.euismod@orciDonec.co.uk;06 99 79 97 80;1939;Feminin;4;;;
9999;Ins;Dubois;Sed.eget@vellectus.org;08 38 20 21 20;1943;Masculin;155;;;
